firstname,lastname,email,username,password,profile_picture,dob,number,bio,major,minor,school
Gayle,Duke,Gayle.Duke@yahoo.com,Dragonade.Isobutylene,pbkdf2:sha512:150000$fyLjlzR0Y1$443dd5f7ed14d770a895dc4084afc7e8facde737990748c5bb5cf545ffb0727a98f8a338e7e18b6cdfee894ab7dd8cb619e3643192af663aab9fa06c6cdcd2f7,default.png,03/24/1998,876-967-1254,"Where are my pants? Messages can be sent to and received from ports, but these messages must obey the so-called ""port protocol."" Atoms are used within a program to denote distinguished values. In 1989 the building was heavily damaged by fire, but it has since been restored. Type classes first appeared in the Haskell programming language. Make me a sandwich.",Cybersecurity,Information Technology,University of Technology
Ashanti,Winters,Ashanti.Winters@gmail.com,Thalamolenticular.Braunschweiger,pbkdf2:sha512:150000$7HNQO147xr$f76dc33c1acaff534ffc2b42c92e9ad17b9a5db7001e4f25edae35b51b0bb25f4929de8753c15835f47e5b629b53039f4084003de0af1904f2da60804cd2430c,default.png,12/06/2004,876-169-7924,"Ports are created with the built-in function open_port. I don't even care. He looked inquisitively at his keyboard and wrote another sentence. She spent her earliest years reading classic literature, and writing poetry. Tuples are containers for a fixed number of Erlang data types. Type classes first appeared in the Haskell programming language.",Systems & Network Administration,Information Systems,Northern Caribbean University
Adrien,Montoya,Adrien.Montoya@outlook.com,Adhesive.Amberoid,pbkdf2:sha512:150000$57bcXIInCy$8784354ddf26e8d7a4a96f0d628216aa72c9a320330ccb072dd6f65a54dca1d811eeb10e50c58a063ca778476bd48290ead63dc0a5cd7d18e26d682e17c8ff41,default.png,07/03/1997,876-990-5829,"Type classes first appeared in the Haskell programming language. Do you come here often? The syntax {D1,D2,...,Dn} denotes a tuple whose arguments are D1, D2, ... Dn. The Galactic Empire is nearing completion of the Death Star, a space station with the power to destroy entire planets. Tuples are containers for a fixed number of Erlang data types. Atoms are used within a program to denote distinguished values.",Information Systems,Computer Engineering,University of Technology
Jayson,Carver,Jayson.Carver@outlook.com,Deermeat.Consummately,pbkdf2:sha512:150000$rWYFG37dV0$5da90cc4be3813e54107c2716040f4e59548f8941e48c645b9884d2285de514a66f08f8ff9f05840cbbf09a9dae6d47b867403d11516a82268992252c94e0ed9,default.png,10/30/1995,876-823-8925,"Do you come here often? In 1989 the building was heavily damaged by fire, but it has since been restored. The syntax {D1,D2,...,Dn} denotes a tuple whose arguments are D1, D2, ... Dn. He looked inquisitively at his keyboard and wrote another sentence. It is also a garbage-collected runtime system. Do you have any idea why this is not working?",Computer Science,Cybersecurity,University of the West Indies
Shila,Wolf,Shila.Wolf@gmail.com,Brothier.Velocipeded,pbkdf2:sha512:150000$lgLR87atDN$29953aba38aaaae3f03b79f88749ba1a54129236ca0b9883934944b02bb60e9cdcefaa2db48c60a9d5b41b53fe481ee30c71d05a713c8448b02667357e64981c,default.png,09/18/2001,876-041-3638,"The Galactic Empire is nearing completion of the Death Star, a space station with the power to destroy entire planets. Its main implementation is the Glasgow Haskell Compiler. Tuples are containers for a fixed number of Erlang data types. Its main implementation is the Glasgow Haskell Compiler. Where are my pants? Its main implementation is the Glasgow Haskell Compiler.",Information Systems,Cybersecurity,St.Joseph Teachers College
Merna,Mckay,Merna.Mckay@gmail.com,Spiracular.Citral,pbkdf2:sha512:150000$EUwyQElwNI$61adbf5a92f43b4c0714413f1f9b92dbf626f238d57716f388dd5f375ed0ffc21aabd2288aab3042bb6d1885343bb45c8f28518242a5728b3810ebb61aa6b7c1,default.png,08/26/1999,876-000-9812,"Tuples are containers for a fixed number of Erlang data types. The arguments can be primitive data types or compound data types. The arguments can be primitive data types or compound data types. The arguments can be primitive data types or compound data types. Do you have any idea why this is not working? The syntax {D1,D2,...,Dn} denotes a tuple whose arguments are D1, D2, ... Dn.",Computer Science,Cybersecurity,Shortwood Teachers College
Granville,Hahn,Granville.Hahn@outlook.com,Dhole.Limbate,pbkdf2:sha512:150000$KxU2f2rvxW$20203b522ea548e081161de516f57dcb4bd59f2f1879b1b7f0516f5b80fbaf5f83234dab36c5be4d9fb343cb9c794b1666e0a80a82cb865f5e404fcf3b68ff5a,default.png,08/07/1995,876-375-7308,Its main implementation is the Glasgow Haskell Compiler. Its main implementation is the Glasgow Haskell Compiler. He looked inquisitively at his keyboard and wrote another sentence. I don't even care. Tuples are containers for a fixed number of Erlang data types. He looked inquisitively at his keyboard and wrote another sentence.,Information Technology,Information Systems,University of the Commonwealth Caribbean
Dave,Patterson,Dave.Patterson@gmail.com,Eurytropic.Crimp,pbkdf2:sha512:150000$tYG4HAeale$63db56226e15890d03369851daf6103178e8a3de1be4365a423a6d42afcfb4bdb109279a6cbf2256a04508dc51b8149c141acfbbf872160603680cf384626ac4,default.png,11/20/2002,876-788-4561,"The syntax {D1,D2,...,Dn} denotes a tuple whose arguments are D1, D2, ... Dn. Erlang is known for its designs that are well suited for systems. The Galactic Empire is nearing completion of the Death Star, a space station with the power to destroy entire planets. Atoms can contain any character if they are enclosed within single quotes and an escape convention exists which allows any character to be used within an atom. Do you have any idea why this is not working? Atoms can contain any character if they are enclosed within single quotes and an escape convention exists which allows any character to be used within an atom.",Information Systems,Computer Science,University of Technology
Sonny,Hull,Sonny.Hull@gmail.com,Biotech.Fumarases,pbkdf2:sha512:150000$pGFm8Ojd0H$97fc1001a9b8fa1fd0ec57758e7332fa32d5017db30594eda9112474e933fb231fd523a59ae4393ea1cb53549430020fe6fcfd956e525119042fa624c139c723,default.png,11/04/2002,876-286-2003,"Haskell features a type system with type inference and lazy evaluation. The arguments can be primitive data types or compound data types. Erlang is a general-purpose, concurrent, functional programming language. Atoms are used within a program to denote distinguished values. Messages can be sent to and received from ports, but these messages must obey the so-called ""port protocol."" He looked inquisitively at his keyboard and wrote another sentence.",Information Systems,Information Science,Mico University College
Catheryn,Tate,Catheryn.Tate@yahoo.com,Doubts.Sailmaker,pbkdf2:sha512:150000$eib1roCVgz$45118aac712cca2c6c90ee10113a83e12bb5231b1e971e243c57af826db27ec40fc29dc1c098f8e8e3c2f10fd0b815fe278717d6b0419907f262bcd32e43773f,default.png,03/11/1996,876-106-0595,Do you come here often? Any element of a tuple can be accessed in constant time. Ports are created with the built-in function open_port. It is also a garbage-collected runtime system. Atoms can contain any character if they are enclosed within single quotes and an escape convention exists which allows any character to be used within an atom. Atoms are used within a program to denote distinguished values.,Cybersecurity,Cybersecurity,St.Joseph Teachers College
Gregory,Bryant,Gregory.Bryant@yahoo.com,Needlestone.Chela,pbkdf2:sha512:150000$vRqN4VNObp$ea98c3680e3cc043d505723a260898cc9edd1453bb30c4940f98749269b066a10f9003dd25f2c3e0ae47c8a2c62137acf56e4f94ac045020f7392e4af8da33da,default.png,06/15/1994,876-484-9176,"The arguments can be primitive data types or compound data types. In 1989 the building was heavily damaged by fire, but it has since been restored. Erlang is known for its designs that are well suited for systems. Erlang is known for its designs that are well suited for systems. It is also a garbage-collected runtime system. Erlang is a general-purpose, concurrent, functional programming language.",Systems & Network Administration,Computer Science,Mico University College
Ivelisse,Davidson,Ivelisse.Davidson@outlook.com,Corina.Votresses,pbkdf2:sha512:150000$1QYH0rVUWK$f7cb3334b5906f468270bb67b4745fe8a401a3a3b38382ca52eacf67f02dbccd7ddaaec7ee74f646f046c18e1c800cc9139bb2c5fc5f0e5799dccd61c5757d12,default.png,04/23/1995,876-880-2520,"Do you come here often? In 1989 the building was heavily damaged by fire, but it has since been restored. It is also a garbage-collected runtime system. Make me a sandwich. The arguments can be primitive data types or compound data types. Erlang is known for its designs that are well suited for systems.",Information Systems,Computer Engineering,Northern Caribbean University
Henry,Holman,Henry.Holman@outlook.com,Unsquirming.Alexis,pbkdf2:sha512:150000$FGITjui9nF$ebc11f73e82c150586807a1bf15d34acd18e4360ac67219c48e924495ff02be5bcc4dd52794f47e0fa45ba85ce760bb5e02387daafad05ff09bfd46722e1b4b6,default.png,07/17/1999,876-022-4026,"Haskell features a type system with type inference and lazy evaluation. Make me a sandwich. The arguments can be primitive data types or compound data types. Haskell is a standardized, general-purpose purely functional programming language, with non-strict semantics and strong static typing. Type classes first appeared in the Haskell programming language. Erlang is known for its designs that are well suited for systems.",Systems & Network Administration,Information Systems,St.Joseph Teachers College
Mora,Bailey,Mora.Bailey@outlook.com,Recharger.Creeps,pbkdf2:sha512:150000$W1VW3R20jx$537442611edcc0c1131b103a0e383d7fa7553dc3fc79dab43093ecfae4ca69998064b8f92c306f71638725fe40afe1e81575cc6faec59016c61d6ad3f6c7d802,default.png,03/31/2003,876-970-5747,"Tuples are containers for a fixed number of Erlang data types. Ports are created with the built-in function open_port. Its main implementation is the Glasgow Haskell Compiler. Messages can be sent to and received from ports, but these messages must obey the so-called ""port protocol."" Type classes first appeared in the Haskell programming language. Its main implementation is the Glasgow Haskell Compiler.",Computer Engineering,Computer Science,Shortwood Teachers College
Peter,Hunter,Peter.Hunter@outlook.com,Double.Depraved,pbkdf2:sha512:150000$q0GJQBQHvG$69f9375867f161c7ffef38eef0d3b13547c5bc20d95c28d3be7ed73fc98ac1aaf37167de7e394b846b9f95574fada977e038492f02077c93b3dc3696e3686956,default.png,05/26/2002,876-872-3767,"Type classes first appeared in the Haskell programming language. Atoms are used within a program to denote distinguished values. They are written as strings of consecutive alphanumeric characters, the first character being lowercase. The Galactic Empire is nearing completion of the Death Star, a space station with the power to destroy entire planets. Haskell is a standardized, general-purpose purely functional programming language, with non-strict semantics and strong static typing. Its main implementation is the Glasgow Haskell Compiler.",Information Technology,Computer Science,Mico University College
Kent,Moody,Kent.Moody@outlook.com,Rabbitmouth.Danceable,pbkdf2:sha512:150000$42NO9pLdEF$195802cb0c00f5b791c3822d3edc2493cabf99f1cc40375924df7125523021ba675003c06e290166d24a6d08a27b2aa54b6f8f9a23ca98de759d838e4846ff4d,default.png,01/26/1996,876-538-5625,"In 1989 the building was heavily damaged by fire, but it has since been restored. Haskell features a type system with type inference and lazy evaluation. They are written as strings of consecutive alphanumeric characters, the first character being lowercase. Messages can be sent to and received from ports, but these messages must obey the so-called ""port protocol."" Initially composing light-hearted and irreverent works, he also wrote serious, sombre and religious pieces beginning in the 1930s. I don't even care.",Information Science,Systems & Network Administration,University of the West Indies
Elli,Mcbride,Elli.Mcbride@outlook.com,Crataegus.Internetwork,pbkdf2:sha512:150000$qSYikMZAT9$117ff8d7ddc6f2bc7fecd80cb0b246e5192f853878be15d214a05a72d2c0477211f114d936775e893fcf930541c1cbe26d98fc26e90e72f4f9d663a576972cb8,default.png,04/30/1998,876-012-1382,"Any element of a tuple can be accessed in constant time. Where are my pants? Ports are used to communicate with the external world. The syntax {D1,D2,...,Dn} denotes a tuple whose arguments are D1, D2, ... Dn. Ports are created with the built-in function open_port. I don't even care.",Systems & Network Administration,Computer Science,University of the West Indies
Sharan,Kennedy,Sharan.Kennedy@yahoo.com,Norms.Bureaus,pbkdf2:sha512:150000$6DlCP9kfs6$7bde89ea465ba42787b12053f2ee010b51521f1b3a158b1d11ed8a1bb78f7434f7bd066625af56641193e7135823cf1803ab1de8fa6c8244beaefac788768618,default.png,08/05/1995,876-708-9694,"Ports are created with the built-in function open_port. The arguments can be primitive data types or compound data types. Erlang is a general-purpose, concurrent, functional programming language. In 1989 the building was heavily damaged by fire, but it has since been restored. Make me a sandwich. Do you come here often?",Cybersecurity,Computer Science,University of Technology
Don,Barker,Don.Barker@outlook.com,Termite.Orthognathy,pbkdf2:sha512:150000$OVKqEDvJ8U$2a9deae30ae05cc73751558488ee5b65bbaa38f3e35b1782cfe6e10b7b2b5f9816a149717035cd4ef58ab2c45b7dbd205fa5b9e50fc65c6683940678469e3fce,default.png,10/23/1997,876-524-1117,"Haskell features a type system with type inference and lazy evaluation. Do you come here often? Ports are created with the built-in function open_port. Atoms can contain any character if they are enclosed within single quotes and an escape convention exists which allows any character to be used within an atom. Do you come here often? In 1989 the building was heavily damaged by fire, but it has since been restored.",Computer Engineering,Computer Engineering,St.Joseph Teachers College
Deon,Tate,Deon.Tate@outlook.com,Claimer.Tuatera,pbkdf2:sha512:150000$RVdXtUR5k4$295fa93902f7d2d6b074764f74a7adcba6a11e4c958eac50bcf24432e1e42c6612a3f8f54dc2cff9b0385157d509c660073d0b20c408620aa0fd3bf3afd2446b,default.png,05/10/1996,876-726-9971,"Messages can be sent to and received from ports, but these messages must obey the so-called ""port protocol."" Erlang is a general-purpose, concurrent, functional programming language. Atoms can contain any character if they are enclosed within single quotes and an escape convention exists which allows any character to be used within an atom. Atoms are used within a program to denote distinguished values. It is also a garbage-collected runtime system. Messages can be sent to and received from ports, but these messages must obey the so-called ""port protocol.""",Information Technology,Information Science,Northern Caribbean University
Jessika,Kidd,Jessika.Kidd@yahoo.com,Eleanore.Lovebirds,pbkdf2:sha512:150000$7ggLhAb1Wg$2ebf949b5c9d392677182382976c52561bf8146345ff9c34952f5ad6173accaf551c5feba05c9a8860708031849ba291c1fd65108dad3ac2e5513f03434ab66f,default.png,08/18/1998,876-869-6509,"The arguments can be primitive data types or compound data types. Do you have any idea why this is not working? The syntax {D1,D2,...,Dn} denotes a tuple whose arguments are D1, D2, ... Dn. Erlang is known for its designs that are well suited for systems. The syntax {D1,D2,...,Dn} denotes a tuple whose arguments are D1, D2, ... Dn. Ports are used to communicate with the external world.",Systems & Network Administration,Computer Engineering,St.Joseph Teachers College
Carolin,Cooley,Carolin.Cooley@yahoo.com,Slaters.Bergaptene,pbkdf2:sha512:150000$4sqgE5fAuV$01bd970ab454821740bda95470becc4ba7d021d65a7cebf4d754d6fe89ef26fbc9be972807b359da8f90fb74aa92dc889a8a8da83e75c9646ba84dae47233d83,default.png,03/29/1996,876-274-6893,Type classes first appeared in the Haskell programming language. The arguments can be primitive data types or compound data types. Any element of a tuple can be accessed in constant time. Do you have any idea why this is not working? The arguments can be primitive data types or compound data types. Type classes first appeared in the Haskell programming language.,Information Systems,Information Science,St.Joseph Teachers College
Landon,Rowe,Landon.Rowe@outlook.com,Focally.Molar,pbkdf2:sha512:150000$1v3QmyQr9q$3064356e13b2f6026d35e4bedc2f438e1f674443d40a93ee0404a620684b4669f1dac1c20beb99d12d0befdb7458e405e1de4e46257738c202584631c7cab8ea,default.png,08/05/1996,876-681-9118,"The Galactic Empire is nearing completion of the Death Star, a space station with the power to destroy entire planets. Messages can be sent to and received from ports, but these messages must obey the so-called ""port protocol."" Erlang is a general-purpose, concurrent, functional programming language. In 1989 the building was heavily damaged by fire, but it has since been restored. They are written as strings of consecutive alphanumeric characters, the first character being lowercase. In 1989 the building was heavily damaged by fire, but it has since been restored.",Cybersecurity,Computer Science,St.Joseph Teachers College
Luther,Brock,Luther.Brock@yahoo.com,Pedlers.Exogen,pbkdf2:sha512:150000$ubZkuhzdGS$614c40aa126a9bf8bff3c2815ebcee573cd4c386ab61d803847292b776a9393fab631f859778e87ea41fd448e6e9275d52bdec89afd25c1a9c93e0ef97ad6bd3,default.png,01/06/1997,876-450-2955,"In 1989 the building was heavily damaged by fire, but it has since been restored. Haskell features a type system with type inference and lazy evaluation. Do you have any idea why this is not working? Make me a sandwich. He looked inquisitively at his keyboard and wrote another sentence. Do you have any idea why this is not working?",Cybersecurity,Computer Science,Shortwood Teachers College
Lorina,Greene,Lorina.Greene@yahoo.com,Stripling.Goldfinch,pbkdf2:sha512:150000$3u8DNPcFLZ$9d9944beb11c3ab9b08c0542ee4966f53126d2c98476d97bcef7947aa0ff08eeb04ec80fb3279dc37ad1a972d5a19004249a584c3fcfe6bd81f4c4dbccd5d80c,default.png,05/13/1996,876-293-8038,"Erlang is a general-purpose, concurrent, functional programming language. He looked inquisitively at his keyboard and wrote another sentence. Atoms are used within a program to denote distinguished values. Haskell features a type system with type inference and lazy evaluation. They are written as strings of consecutive alphanumeric characters, the first character being lowercase. The Galactic Empire is nearing completion of the Death Star, a space station with the power to destroy entire planets.",Information Systems,Computer Science,St.Joseph Teachers College
Erasmo,Workman,Erasmo.Workman@outlook.com,Thunderstorm.Salutatious,pbkdf2:sha512:150000$NFgXIlCdjy$618abfb5435dfe7f0856250d69f5001543eb1ed4531ea3076e85880b36b1ab7a9a97ba9a3800387dc9906589fdb4aa6bd1dd3287a6dde237880f24e637c5aed1,default.png,01/20/2003,876-234-2407,Ports are created with the built-in function open_port. Atoms are used within a program to denote distinguished values. Ports are created with the built-in function open_port. The arguments can be primitive data types or compound data types. Type classes first appeared in the Haskell programming language. It is also a garbage-collected runtime system.,Information Science,Information Systems,Shortwood Teachers College
Carmelo,Tate,Carmelo.Tate@gmail.com,Sylvin.Pendative,pbkdf2:sha512:150000$5Ac4b9PyGX$c606a442315f3d37260ac46ea2ce4b5cd9bc4269843af77009641cdb1affeb0dcc2f405ffa7aea75d70393d2930af2bc82098db46c853680ed2a5762054f76b0,default.png,02/18/1999,876-420-0580,"Haskell is a standardized, general-purpose purely functional programming language, with non-strict semantics and strong static typing. In 1989 the building was heavily damaged by fire, but it has since been restored. Atoms can contain any character if they are enclosed within single quotes and an escape convention exists which allows any character to be used within an atom. He looked inquisitively at his keyboard and wrote another sentence. Its main implementation is the Glasgow Haskell Compiler. Erlang is a general-purpose, concurrent, functional programming language.",Computer Engineering,Information Systems,University of the Commonwealth Caribbean
Ike,Webster,Ike.Webster@yahoo.com,Mandatary.Satirically,pbkdf2:sha512:150000$ht3iQtUL9k$638eda11f0248052d38610a30a8c5e4dab0ed5855af8abf82c1203a0ce16353871d190d8e566627905e7d5cf4934306fe88522a4a040bde4d25e6ee7da8e958c,default.png,11/07/1999,876-216-4662,"Do you come here often? The sequential subset of Erlang supports eager evaluation, single assignment, and dynamic typing. Messages can be sent to and received from ports, but these messages must obey the so-called ""port protocol."" Haskell features a type system with type inference and lazy evaluation. Make me a sandwich. Where are my pants?",Computer Science,Information Systems,Mico University College
Rheba,Barber,Rheba.Barber@gmail.com,Monkey.Aftercourse,pbkdf2:sha512:150000$TnKzxuvMjB$b0200f6c3d3d5eef4df4bf83574b722aa8bea2a6b98e075039d7ebab9e12f9a5f7dc041c48dd6aee6df31a9c881abee4df8201913b59b78f42c88be0b0dd6b32,default.png,08/08/1996,876-684-1351,"Any element of a tuple can be accessed in constant time. He looked inquisitively at his keyboard and wrote another sentence. In 1989 the building was heavily damaged by fire, but it has since been restored. Its main implementation is the Glasgow Haskell Compiler. I don't even care. Its main implementation is the Glasgow Haskell Compiler.",Systems & Network Administration,Information Systems,University of the Commonwealth Caribbean
Rex,Wheeler,Rex.Wheeler@yahoo.com,Abatis.Borated,pbkdf2:sha512:150000$kYnqT0lLfq$6d0d8279da4f06405afd32e527073ae41c876e9840b98b3f39d2bf47e8242eef363f9832eeaa29b8685d510a1645b7d6696b660799bbd41a0094e9e4499c9fba,default.png,03/01/1999,876-635-0021,"Initially composing light-hearted and irreverent works, he also wrote serious, sombre and religious pieces beginning in the 1930s. The arguments can be primitive data types or compound data types. The syntax {D1,D2,...,Dn} denotes a tuple whose arguments are D1, D2, ... Dn. Erlang is known for its designs that are well suited for systems. Initially composing light-hearted and irreverent works, he also wrote serious, sombre and religious pieces beginning in the 1930s. Do you have any idea why this is not working?",Computer Engineering,Computer Engineering,Mico University College
Eleonore,Garza,Eleonore.Garza@outlook.com,Usaron.Wrinkle,pbkdf2:sha512:150000$EDXSRoLgKY$290f5afb897c8c124a595dd87ee961d745ebd8991afdc098205c0b194dbc5b8e068a2d93c9b38eb99336e7e16d2a99bf00f41b1aa06227b453a9a605ba550103,default.png,08/07/2003,876-069-4588,"Atoms can contain any character if they are enclosed within single quotes and an escape convention exists which allows any character to be used within an atom. The arguments can be primitive data types or compound data types. In 1989 the building was heavily damaged by fire, but it has since been restored. They are written as strings of consecutive alphanumeric characters, the first character being lowercase. Its main implementation is the Glasgow Haskell Compiler. Messages can be sent to and received from ports, but these messages must obey the so-called ""port protocol.""",Information Science,Information Systems,Mico University College
Jannet,Frost,Jannet.Frost@yahoo.com,Prevaluation.Elianora,pbkdf2:sha512:150000$wGwaezlqip$049236e1f77a8a6e46e2301afb0cecf92c03a548ebcf8654e87e6bfdb7a73f46cd9d33d6c9b2272ac3e23c03dd72e916bca74407961106c52df67b44a3ef85dc,default.png,11/28/2002,876-109-8580,"Type classes first appeared in the Haskell programming language. The arguments can be primitive data types or compound data types. It is also a garbage-collected runtime system. The arguments can be primitive data types or compound data types. I don't even care. Erlang is a general-purpose, concurrent, functional programming language.",Information Systems,Computer Engineering,Northern Caribbean University
Lauran,Mosley,Lauran.Mosley@gmail.com,Entach.Creecy,pbkdf2:sha512:150000$Y8wLHoKHAr$9de352ac2c53f6d7dc5cd2a18f831b9e414aab6f2ebdfb47f8600f7b212f3f7c5a3baeefe6dcf8dd2a08bf9b0b36c3b96bac6a3e4063c30195ef273a392c8748,default.png,03/09/1999,876-854-7012,"Erlang is a general-purpose, concurrent, functional programming language. They are written as strings of consecutive alphanumeric characters, the first character being lowercase. Ports are created with the built-in function open_port. Its main implementation is the Glasgow Haskell Compiler. The syntax {D1,D2,...,Dn} denotes a tuple whose arguments are D1, D2, ... Dn. Do you come here often?",Information Science,Information Systems,Northern Caribbean University
Lanelle,Mcneil,Lanelle.Mcneil@yahoo.com,Everyone.Habilimented,pbkdf2:sha512:150000$Pk2Tc4BQVY$7deeb902219c2ecd20fdc1ace5867a7e13efc9174a208e69e2f7ece02b329cebbc086b92036916061b4ab07e5f6f6a71eb3b6ef754bc3f9d1de34206cc9eed9e,default.png,05/07/1996,876-966-3680,"I don't even care. Erlang is a general-purpose, concurrent, functional programming language. They are written as strings of consecutive alphanumeric characters, the first character being lowercase. Haskell features a type system with type inference and lazy evaluation. They are written as strings of consecutive alphanumeric characters, the first character being lowercase. Haskell features a type system with type inference and lazy evaluation.",Computer Engineering,Systems & Network Administration,University of Technology
Faustino,Stewart,Faustino.Stewart@gmail.com,Snowshoe.Strepsiceros,pbkdf2:sha512:150000$AVHXTVFJOM$efe7320c7c5c98fd3145b1253acbb45cbf2e1ba8942939d98440231f9af47709cf59cd8679f829d9fbd947ef641f6d33fd8d17ddea68c85eb1d749650923f2bf,default.png,09/28/1994,876-569-2279,"Ports are used to communicate with the external world. Do you come here often? Messages can be sent to and received from ports, but these messages must obey the so-called ""port protocol."" Erlang is a general-purpose, concurrent, functional programming language. Tuples are containers for a fixed number of Erlang data types. Haskell features a type system with type inference and lazy evaluation.",Information Systems,Computer Engineering,Northern Caribbean University
Maragaret,Hughes,Maragaret.Hughes@yahoo.com,Illano.Razzmatazz,pbkdf2:sha512:150000$zNnrInIt80$89b9079dbddb444e3e0554435ec998d196f83425fbf7b81b37a06dda847623c13a3e065732acf01e1f2da1c9f13bc02952fd94f348df91573b318f96186662dd,default.png,05/28/1998,876-250-3070,"I don't even care. Atoms are used within a program to denote distinguished values. In 1989 the building was heavily damaged by fire, but it has since been restored. Its main implementation is the Glasgow Haskell Compiler. In 1989 the building was heavily damaged by fire, but it has since been restored. Initially composing light-hearted and irreverent works, he also wrote serious, sombre and religious pieces beginning in the 1930s.",Information Science,Information Science,Northern Caribbean University
Louie,Hampton,Louie.Hampton@outlook.com,Laryngismal.Afterglow,pbkdf2:sha512:150000$JEiOlK0BFm$27a64ccefdd6c3e0aef158f2ddbf3364b652f776ff1dc615511d5ff48b24f9c4fc5d2541786969978c9050dd71daf347cd8271386c8fbcac272d0b615a291549,default.png,03/06/2004,876-368-7622,"Atoms are used within a program to denote distinguished values. Initially composing light-hearted and irreverent works, he also wrote serious, sombre and religious pieces beginning in the 1930s. Its main implementation is the Glasgow Haskell Compiler. Do you have any idea why this is not working? Messages can be sent to and received from ports, but these messages must obey the so-called ""port protocol."" In 1989 the building was heavily damaged by fire, but it has since been restored.",Systems & Network Administration,Information Science,University of Technology
Charlie,Wolf,Charlie.Wolf@yahoo.com,Reservery.Runaround,pbkdf2:sha512:150000$WatXdfqYr6$8b45f04c0639844c62d11e7a44482ed0c49577d1f59e304abd64a29d388cb716535a915bf2bfefbac8e3ed71840090a3b9a77ebb41471f4fbb0f7a340164e047,default.png,03/16/1994,876-913-0345,The arguments can be primitive data types or compound data types. Erlang is known for its designs that are well suited for systems. Atoms can contain any character if they are enclosed within single quotes and an escape convention exists which allows any character to be used within an atom. Do you have any idea why this is not working? Do you come here often? Atoms are used within a program to denote distinguished values.,Information Science,Systems & Network Administration,University of the West Indies
Craig,Garza,Craig.Garza@yahoo.com,Hysterodynia.Contemptuous,pbkdf2:sha512:150000$uGUIc4Xy6o$8ff6e5b252ee73544a9eed51254834800464a994d4ab3bb71c55634424dd29790ebb3f2290652ad5c93ebe83bdb694e56ca4d0551fec118b8713e11066e4cc44,default.png,03/23/1998,876-228-1474,I don't even care. Type classes first appeared in the Haskell programming language. Type classes first appeared in the Haskell programming language. I don't even care. Its main implementation is the Glasgow Haskell Compiler. He looked inquisitively at his keyboard and wrote another sentence.,Cybersecurity,Information Technology,Mico University College
Edra,Delaney,Edra.Delaney@outlook.com,Mogul.Allen,pbkdf2:sha512:150000$4jDLqUWrKs$cb60ce88c4cf165088be38b7b559df43b7798c9898bab778cefc55bcea732956b9bda40287603ea32656b7aa03e9444e8e188c8f2ca9a63f429f2987eab179a0,default.png,01/03/1997,876-096-0046,"Haskell features a type system with type inference and lazy evaluation. Ports are created with the built-in function open_port. Make me a sandwich. She spent her earliest years reading classic literature, and writing poetry. Do you have any idea why this is not working? Initially composing light-hearted and irreverent works, he also wrote serious, sombre and religious pieces beginning in the 1930s.",Computer Engineering,Information Systems,University of the Commonwealth Caribbean
Joslyn,Savage,Joslyn.Savage@outlook.com,Anabel.Anime,pbkdf2:sha512:150000$8lD4L8dB8C$8fbace5c592749f29dbd50c796f96534f106647c21997fd4e1bf330969baf3b00383314b8357dc83851191f70255ae4be535972db8e3cfe083a0906600788adf,default.png,03/06/1997,876-950-1853,"It is also a garbage-collected runtime system. In 1989 the building was heavily damaged by fire, but it has since been restored. The arguments can be primitive data types or compound data types. It is also a garbage-collected runtime system. It is also a garbage-collected runtime system. Haskell is a standardized, general-purpose purely functional programming language, with non-strict semantics and strong static typing.",Computer Science,Computer Science,Shortwood Teachers College
Micah,Hull,Micah.Hull@yahoo.com,Dextro.Dustman,pbkdf2:sha512:150000$h3iJ7e1sdr$e115c2275c542fbb2432e4d4574f1e83ba1c4a9526ea8a4c09b53fdbe5b7951019ef99baa82101cb73302225bc147934f0601252377805323ff4eaee5ef42fa8,default.png,12/24/2000,876-956-2551,"Initially composing light-hearted and irreverent works, he also wrote serious, sombre and religious pieces beginning in the 1930s. Its main implementation is the Glasgow Haskell Compiler. Do you have any idea why this is not working? Its main implementation is the Glasgow Haskell Compiler. Any element of a tuple can be accessed in constant time. Haskell features a type system with type inference and lazy evaluation.",Computer Science,Systems & Network Administration,University of Technology
Jimmy,Daugherty,Jimmy.Daugherty@yahoo.com,Instructorless.Bleach,pbkdf2:sha512:150000$4Af9mnzGS6$84bb2f53a03ba6ca122eeabe304e6033cfc41f67fb3d5970351d2af3d31fd4de59d00cae5c35921b0c40eb5ff28b552837f294d129afc575edbcbd3b55bf961a,default.png,12/25/1994,876-070-3070,"Make me a sandwich. Erlang is a general-purpose, concurrent, functional programming language. Haskell features a type system with type inference and lazy evaluation. Erlang is a general-purpose, concurrent, functional programming language. Atoms are used within a program to denote distinguished values. Messages can be sent to and received from ports, but these messages must obey the so-called ""port protocol.""",Information Technology,Systems & Network Administration,Northern Caribbean University
Alva,Robles,Alva.Robles@outlook.com,Diplopod.Donkey,pbkdf2:sha512:150000$jaGEDLMBkj$627d1ee979595fce1578b2768d1880681c122caf42f3541c84d7bc8f767b8caa7e061ce3850faed081df74fe375b3740457845f88ef120e91ecb54d31dc20d6b,default.png,04/18/1998,876-143-4398,"In 1989 the building was heavily damaged by fire, but it has since been restored. Atoms can contain any character if they are enclosed within single quotes and an escape convention exists which allows any character to be used within an atom. The syntax {D1,D2,...,Dn} denotes a tuple whose arguments are D1, D2, ... Dn. He looked inquisitively at his keyboard and wrote another sentence. Atoms are used within a program to denote distinguished values. Erlang is a general-purpose, concurrent, functional programming language.",Computer Engineering,Systems & Network Administration,University of Technology
Mervin,Leach,Mervin.Leach@outlook.com,Walspere.Scraps,pbkdf2:sha512:150000$RbUzqlkglW$f31049330a33210e318dda2f5440a5eaf2dd3931894f5582379aff00c02ca18fae9f7dbed6a887c82f620c4c0f0812a19819b5dd2c710ef80420b5ec7e87f461,default.png,06/17/2002,876-875-2998,"The syntax {D1,D2,...,Dn} denotes a tuple whose arguments are D1, D2, ... Dn. Haskell features a type system with type inference and lazy evaluation. She spent her earliest years reading classic literature, and writing poetry. The sequential subset of Erlang supports eager evaluation, single assignment, and dynamic typing. Atoms are used within a program to denote distinguished values. Make me a sandwich.",Computer Engineering,Systems & Network Administration,University of the West Indies
Terrence,Britt,Terrence.Britt@outlook.com,Basilosauridae.Sighless,pbkdf2:sha512:150000$3QYlTgQB7f$eec75a586e8148f436bb39e77afef25826321c93fd6bed358d23ce105dff07c066b922df7faf530b535e5edb46b0909c99254de627714777bd7626d5a2f41387,default.png,10/08/2001,876-790-9376,"Atoms can contain any character if they are enclosed within single quotes and an escape convention exists which allows any character to be used within an atom. Initially composing light-hearted and irreverent works, he also wrote serious, sombre and religious pieces beginning in the 1930s. I don't even care. The sequential subset of Erlang supports eager evaluation, single assignment, and dynamic typing. The sequential subset of Erlang supports eager evaluation, single assignment, and dynamic typing. The sequential subset of Erlang supports eager evaluation, single assignment, and dynamic typing.",Cybersecurity,Systems & Network Administration,University of the Commonwealth Caribbean
Jadwiga,Baxter,Jadwiga.Baxter@gmail.com,Anasazi.Bahama,pbkdf2:sha512:150000$TcVZSESdUu$7dc9e9b53c303d65c01b3a0727b72df4421ac58ae5a61f2db98addbd2c546731bde7b6ea42c6bd620926ba2a03c1bd94ad49c62a187a059303d0a8a9fd9648d0,default.png,11/17/1997,876-508-0141,"Any element of a tuple can be accessed in constant time. She spent her earliest years reading classic literature, and writing poetry. Do you have any idea why this is not working? Erlang is a general-purpose, concurrent, functional programming language. Erlang is known for its designs that are well suited for systems. Atoms are used within a program to denote distinguished values.",Information Science,Computer Engineering,University of Technology
Olinda,Calhoun,Olinda.Calhoun@outlook.com,Inspired.Bepimpling,pbkdf2:sha512:150000$RoEW1HWxk8$fda556af5c2eb04264499870721ff0880a499ce6194e9fe90335e3389facfa7b638b96ec6923527011ab785409eee688888ca97297a67e4c055382c721454ae2,default.png,06/04/1998,876-498-7026,"He looked inquisitively at his keyboard and wrote another sentence. Where are my pants? In 1989 the building was heavily damaged by fire, but it has since been restored. He looked inquisitively at his keyboard and wrote another sentence. Ports are created with the built-in function open_port. Erlang is known for its designs that are well suited for systems.",Cybersecurity,Information Systems,University of the West Indies
Kasha,Richard,Kasha.Richard@yahoo.com,Deranger.Bemoon,pbkdf2:sha512:150000$ULdWxclFTe$7bdd317ad03f3e8bca060cae4f433f85bee88011a5bf2948f0ef34710be4dfc18db5f0f52b2e5e7a2af10858828d8fa5790e21ec7d6ef9779a7c6324611335c4,default.png,08/05/2003,876-170-3374,"I don't even care. They are written as strings of consecutive alphanumeric characters, the first character being lowercase. Tuples are containers for a fixed number of Erlang data types. The sequential subset of Erlang supports eager evaluation, single assignment, and dynamic typing. Make me a sandwich. Haskell features a type system with type inference and lazy evaluation.",Information Systems,Computer Science,University of Technology
Brande,Jensen,Brande.Jensen@gmail.com,Mediatorial.Afret,pbkdf2:sha512:150000$t5vu4tvA3B$c279c69de0e49c524cedb68cf1e5bfcab9ce7274cda93a858f0ed5d30b813da1e183f8a8ab1c9e7759063bd3c04c4410f6a8a8d23bbd65a68d88f3c25b23a536,default.png,07/14/1999,876-832-4697,"The syntax {D1,D2,...,Dn} denotes a tuple whose arguments are D1, D2, ... Dn. Haskell is a standardized, general-purpose purely functional programming language, with non-strict semantics and strong static typing. Do you come here often? Erlang is a general-purpose, concurrent, functional programming language. She spent her earliest years reading classic literature, and writing poetry. It is also a garbage-collected runtime system.",Computer Engineering,Computer Engineering,University of the West Indies
Keith,Stein,Keith.Stein@yahoo.com,Listeriosis.Cremant,pbkdf2:sha512:150000$wyZAvxLQGJ$81610965f3f38d4a518c4259606c00af5171a82f1e2487e450b25f97251547a0fd63531a23c63d21d7c15491fe4788544be9b3f89b84592442a6fdc36cfd47e2,default.png,01/30/2003,876-383-9218,"In 1989 the building was heavily damaged by fire, but it has since been restored. Do you come here often? Ports are created with the built-in function open_port. In 1989 the building was heavily damaged by fire, but it has since been restored. The syntax {D1,D2,...,Dn} denotes a tuple whose arguments are D1, D2, ... Dn. Type classes first appeared in the Haskell programming language.",Computer Engineering,Computer Science,University of Technology
Ehtel,Clay,Ehtel.Clay@yahoo.com,Earlock.Overgratefulness,pbkdf2:sha512:150000$cN79xaNKvb$fa7eca5de655023448c6877c415c75e06cbbf4e2a722edb1e67f41b8a206c4c6b735cee24db35f5387cde454212773a67a9518645fd7a2efd84f2a332e6d897c,default.png,09/28/2002,876-355-0997,"Type classes first appeared in the Haskell programming language. The syntax {D1,D2,...,Dn} denotes a tuple whose arguments are D1, D2, ... Dn. They are written as strings of consecutive alphanumeric characters, the first character being lowercase. He looked inquisitively at his keyboard and wrote another sentence. Atoms are used within a program to denote distinguished values. Initially composing light-hearted and irreverent works, he also wrote serious, sombre and religious pieces beginning in the 1930s.",Information Systems,Computer Engineering,University of the West Indies
Chuck,Hewitt,Chuck.Hewitt@gmail.com,Psychognosy.Eeeeee,pbkdf2:sha512:150000$KFQnkMZmOy$117efea178c16c14c38b9d2f813014e9d4bccf520222678c03cfc165f2428c4b1feef66004f0be6199eb3b5b523bfbbcc4a9061201f3a4b020ec5b1b91f0b419,default.png,09/27/2002,876-205-6568,"Do you have any idea why this is not working? Atoms can contain any character if they are enclosed within single quotes and an escape convention exists which allows any character to be used within an atom. The sequential subset of Erlang supports eager evaluation, single assignment, and dynamic typing. Do you have any idea why this is not working? Make me a sandwich. Erlang is a general-purpose, concurrent, functional programming language.",Cybersecurity,Information Technology,St.Joseph Teachers College
Cherelle,Summers,Cherelle.Summers@gmail.com,Bitumens.Dreep,pbkdf2:sha512:150000$TwxFGmVobK$339f2ddb65e834fce23aff0b6ca4792777647ef193bad2ecca65894a05058f3bf4e74d95992cc135fdfc30fe4b292e935e659ae5b97c281a5a1932b0ca660999,default.png,04/27/1996,876-372-1998,"Atoms can contain any character if they are enclosed within single quotes and an escape convention exists which allows any character to be used within an atom. They are written as strings of consecutive alphanumeric characters, the first character being lowercase. I don't even care. In 1989 the building was heavily damaged by fire, but it has since been restored. Any element of a tuple can be accessed in constant time. Its main implementation is the Glasgow Haskell Compiler.",Systems & Network Administration,Information Technology,University of the West Indies
Jani,Burnett,Jani.Burnett@gmail.com,Comfort.Phrenosinic,pbkdf2:sha512:150000$QWhZlzO3qi$fdd08ece837bae66ebd79f35923b901b85f24f4857af1df100c3407aacf358926804f4513af50cd7aa5cf04d4ef91f1a0d4308d0303c411d20d61f5f7ed9ac1c,default.png,01/13/2001,876-188-9225,"Erlang is known for its designs that are well suited for systems. Type classes first appeared in the Haskell programming language. The Galactic Empire is nearing completion of the Death Star, a space station with the power to destroy entire planets. They are written as strings of consecutive alphanumeric characters, the first character being lowercase. Tuples are containers for a fixed number of Erlang data types. Erlang is known for its designs that are well suited for systems.",Information Technology,Computer Engineering,Mico University College
Thad,Key,Thad.Key@gmail.com,Demijohn.Animations,pbkdf2:sha512:150000$l87qrUEQHp$7719c627f0a4025f20ed643a4fb6b0ca1cb6a523806594c59eb97d4e8079f0a593496653d339203bdc2d1a5dcaa16573455914ebcea4d89140d5cd261aa29d6b,default.png,09/23/1999,876-371-6784,"Tuples are containers for a fixed number of Erlang data types. The arguments can be primitive data types or compound data types. It is also a garbage-collected runtime system. Erlang is a general-purpose, concurrent, functional programming language. In 1989 the building was heavily damaged by fire, but it has since been restored. Do you have any idea why this is not working?",Information Science,Information Technology,University of Technology
Erwin,Mercer,Erwin.Mercer@yahoo.com,Sigmodont.Atopy,pbkdf2:sha512:150000$BELdk4ASTC$05cdc79a22e7a9e43d9a743d3c5bfcac75a662d98b0cbb26f7f5aa3b19a39e50c088f50dd7d8f81b2a1f959944c02f78a0729b67fdb46a9802ecf3cede4e09be,default.png,07/29/2004,876-750-1238,"I don't even care. Erlang is known for its designs that are well suited for systems. The arguments can be primitive data types or compound data types. In 1989 the building was heavily damaged by fire, but it has since been restored. Atoms are used within a program to denote distinguished values. Haskell features a type system with type inference and lazy evaluation.",Systems & Network Administration,Information Technology,University of the West Indies
Shanice,Curry,Shanice.Curry@outlook.com,Otter.Alway,pbkdf2:sha512:150000$ABypA1mpes$7ed7afc6ec9e18f154b4f02cc10ba0d35fb4e419e30f7214a25c1dead252e0b9eed079369d8428675eac4ccc9e9ce781f59be4f010ba789a112ac452afc200ce,default.png,07/26/2000,876-214-2228,"Do you have any idea why this is not working? Haskell is a standardized, general-purpose purely functional programming language, with non-strict semantics and strong static typing. It is also a garbage-collected runtime system. In 1989 the building was heavily damaged by fire, but it has since been restored. She spent her earliest years reading classic literature, and writing poetry. They are written as strings of consecutive alphanumeric characters, the first character being lowercase.",Computer Engineering,Information Technology,Northern Caribbean University
Billye,Kramer,Billye.Kramer@gmail.com,Outsavoring.Chivalrous,pbkdf2:sha512:150000$yHoWWsP7L4$1fdb44565b7968e90beefd8e4a3faec24364fb82211b018762a30386bfbe0083431e38ff2aecaba2879247a3dcc773a7b2871a03b426987b4adb8f4600ac80f8,default.png,12/26/2001,876-018-4040,"Any element of a tuple can be accessed in constant time. Tuples are containers for a fixed number of Erlang data types. Where are my pants? Erlang is a general-purpose, concurrent, functional programming language. Haskell features a type system with type inference and lazy evaluation. Ports are created with the built-in function open_port.",Computer Engineering,Computer Engineering,Shortwood Teachers College
Erich,Shelton,Erich.Shelton@gmail.com,Coater.Formaldehyd,pbkdf2:sha512:150000$P6Y9nDnM5t$05bf1d234cdc8a2fcafc5004d5d4851f19acb81151601c3eeca7d7e8bd10c7b138975985b50a5a9e218b862713f73e0f38d45cd61df744a81ce811f740f20e99,default.png,02/04/1999,876-939-5461,"The syntax {D1,D2,...,Dn} denotes a tuple whose arguments are D1, D2, ... Dn. Where are my pants? Tuples are containers for a fixed number of Erlang data types. The arguments can be primitive data types or compound data types. She spent her earliest years reading classic literature, and writing poetry. Erlang is a general-purpose, concurrent, functional programming language.",Systems & Network Administration,Information Science,St.Joseph Teachers College
Bennie,Dalton,Bennie.Dalton@outlook.com,Rondawel.Ulonata,pbkdf2:sha512:150000$GXVxLjRk1N$11ace3aa0a415d8f68b62ad85476d403f144cbddad68bf620256094aeae3b0ab0cdcefcc4c58d12a88604e6672edef4d750fbc07d4b0e90f43d601ffb8748ff9,default.png,03/29/1996,876-842-9252,"Any element of a tuple can be accessed in constant time. Ports are created with the built-in function open_port. Ports are created with the built-in function open_port. Messages can be sent to and received from ports, but these messages must obey the so-called ""port protocol."" She spent her earliest years reading classic literature, and writing poetry. Atoms are used within a program to denote distinguished values.",Cybersecurity,Cybersecurity,University of the West Indies
Kurtis,Lancaster,Kurtis.Lancaster@yahoo.com,Deermeat.Crocodile,pbkdf2:sha512:150000$HCSKHA1wpi$0cd9c359c9fc84418f8f6c17184ac6b52fd263a631bf61f86c3bd8f7a98d59c566ca0b3bdbd6a81b8d125df54fd2873f2a05b8bdc8ef7c67f2c04939ff655e11,default.png,08/07/1999,876-304-9468,"They are written as strings of consecutive alphanumeric characters, the first character being lowercase. Ports are used to communicate with the external world. Do you come here often? Its main implementation is the Glasgow Haskell Compiler. Do you have any idea why this is not working? Its main implementation is the Glasgow Haskell Compiler.",Information Technology,Systems & Network Administration,University of Technology
Bennett,Douglas,Bennett.Douglas@gmail.com,Shadowgraphy.Semiquadrate,pbkdf2:sha512:150000$0WrieaKjVT$a3f5f5352382e64c6bed6690649ab5c8a90fb187dd57c2bbb1a1f6c00b1ba42f8a1b89f2c84148ca4a8775288dac6ef7961c596978a680859649a48a3930b001,default.png,07/16/1998,876-950-2127,"The Galactic Empire is nearing completion of the Death Star, a space station with the power to destroy entire planets. They are written as strings of consecutive alphanumeric characters, the first character being lowercase. Where are my pants? Messages can be sent to and received from ports, but these messages must obey the so-called ""port protocol."" Any element of a tuple can be accessed in constant time. Ports are used to communicate with the external world.",Computer Engineering,Cybersecurity,University of the West Indies
Nohemi,Compton,Nohemi.Compton@outlook.com,Caribous.Projacient,pbkdf2:sha512:150000$TVPPxM92sR$97c216f9bba5d6e2209de397d304f7c9fd1d4938b9deca133743af3d0a9d2c056a41e706557b3bc4a93fbe46372fd56df66adc28d42c247864a13681cbe13bff,default.png,07/20/2001,876-418-4902,"Erlang is known for its designs that are well suited for systems. Do you have any idea why this is not working? Initially composing light-hearted and irreverent works, he also wrote serious, sombre and religious pieces beginning in the 1930s. Do you come here often? Tuples are containers for a fixed number of Erlang data types. Its main implementation is the Glasgow Haskell Compiler.",Computer Science,Information Technology,University of Technology
Andre,Vincent,Andre.Vincent@yahoo.com,Atavus.Dapped,pbkdf2:sha512:150000$arn6zbFXc3$c07275f63796d1fdc49b222b0ea5f4246eeedaa785254b6f2216e414f31f708d737c339854d4283fe725ead03c90a21f50d9ee40dae8ed206790509b2f604c7e,default.png,01/05/2004,876-574-2817,"Any element of a tuple can be accessed in constant time. The Galactic Empire is nearing completion of the Death Star, a space station with the power to destroy entire planets. Erlang is a general-purpose, concurrent, functional programming language. The Galactic Empire is nearing completion of the Death Star, a space station with the power to destroy entire planets. Atoms are used within a program to denote distinguished values. Type classes first appeared in the Haskell programming language.",Computer Engineering,Information Technology,Mico University College
Brenton,Harmon,Brenton.Harmon@outlook.com,Chump.Dribbling,pbkdf2:sha512:150000$uI73lTnlPR$b2b7c9bb4c92d6bd899cebe520efe3df8565f882266c19a98aa9bdf9275f8761b1c7949926fc559824976355efcb01f34e165ceeb4a421bfdebba8679284a697,default.png,11/30/1998,876-683-9277,"Messages can be sent to and received from ports, but these messages must obey the so-called ""port protocol."" It is also a garbage-collected runtime system. Erlang is known for its designs that are well suited for systems. Tuples are containers for a fixed number of Erlang data types. Make me a sandwich. Messages can be sent to and received from ports, but these messages must obey the so-called ""port protocol.""",Systems & Network Administration,Information Systems,University of Technology
Clinton,Thornton,Clinton.Thornton@yahoo.com,Chromo.Baldest,pbkdf2:sha512:150000$Pcr2t2cVwR$dcd584bc30bd0ed41aa9534e9db0b61a24369bb8f4c9d2df0378d3bd7a1de3fd700569c4f60efed955405452b2bb6bd2443a88bde337231ce9cd579edef39398,default.png,05/02/2001,876-182-0281,"Ports are used to communicate with the external world. Messages can be sent to and received from ports, but these messages must obey the so-called ""port protocol."" I don't even care. The Galactic Empire is nearing completion of the Death Star, a space station with the power to destroy entire planets. The Galactic Empire is nearing completion of the Death Star, a space station with the power to destroy entire planets. Ports are used to communicate with the external world.",Information Technology,Information Technology,University of the West Indies
Aaron,Carver,Aaron.Carver@outlook.com,Kerb.Aggregations,pbkdf2:sha512:150000$hueZTfl6Yd$3fd1e3de0cdd6ee09a07bcbb4ccc864af6630652756e94fa9fa5c4f128b67c25ca6b5f2dd6fe0205a341235c29ffa14aad5fcbe9bd879fc9734a5b1bb4bab2ec,default.png,04/25/1994,876-073-0553,"In 1989 the building was heavily damaged by fire, but it has since been restored. Ports are created with the built-in function open_port. She spent her earliest years reading classic literature, and writing poetry. She spent her earliest years reading classic literature, and writing poetry. He looked inquisitively at his keyboard and wrote another sentence. Where are my pants?",Cybersecurity,Information Technology,St.Joseph Teachers College
Beau,Kirk,Beau.Kirk@yahoo.com,Biogen.Gaffe,pbkdf2:sha512:150000$Xt5zs0xx8V$7e2662d1ae8819ffda47cafbe29d508a60eccfea77966fbb015ff6e3c6e5e7de5ac23d547e4c8d65e20480dc821c896a7a03d9f42bb1b59c04ebed7cafccf4e0,default.png,12/26/1998,876-929-8958,"Tuples are containers for a fixed number of Erlang data types. He looked inquisitively at his keyboard and wrote another sentence. Any element of a tuple can be accessed in constant time. Ports are created with the built-in function open_port. The Galactic Empire is nearing completion of the Death Star, a space station with the power to destroy entire planets. Haskell is a standardized, general-purpose purely functional programming language, with non-strict semantics and strong static typing.",Information Technology,Information Systems,Northern Caribbean University
Janyce,Roman,Janyce.Roman@yahoo.com,Pupillonian.Outplodding,pbkdf2:sha512:150000$Hqp6ZIPV0m$153718ef0ef2c46b22799ec4b3d171f00cf996fc08ca643e64097a90ae39e054bc84739c8c72f1cbd0029fb8f910d6076f9a57283321665b28c383255ccee088,default.png,04/01/2003,876-227-9559,"Type classes first appeared in the Haskell programming language. She spent her earliest years reading classic literature, and writing poetry. The Galactic Empire is nearing completion of the Death Star, a space station with the power to destroy entire planets. Tuples are containers for a fixed number of Erlang data types. Haskell features a type system with type inference and lazy evaluation. In 1989 the building was heavily damaged by fire, but it has since been restored.",Cybersecurity,Systems & Network Administration,University of the Commonwealth Caribbean
Rodrigo,Gray,Rodrigo.Gray@yahoo.com,Fiducial.Debased,pbkdf2:sha512:150000$r3eIJtzJ02$8b091ede3f002b957102a7cae05df72eafbe1b40a4cbb1b87b386a2e38ddbc566821dd37b511e65e94eff9c2145e0e357e4a604ff11f471d0b3b24d996831472,default.png,08/09/1995,876-185-6564,Any element of a tuple can be accessed in constant time. He looked inquisitively at his keyboard and wrote another sentence. Where are my pants? He looked inquisitively at his keyboard and wrote another sentence. Make me a sandwich. It is also a garbage-collected runtime system.,Information Systems,Systems & Network Administration,University of the West Indies
Sheridan,Hansen,Sheridan.Hansen@outlook.com,Beresfor.Batwa,pbkdf2:sha512:150000$6vcil842Ek$34f89dbef01ccbc2c6b4706ba873bc1094219e1de3fdad3b23a71bc8c5959cf82c8b3b462fbf15169109726c42c70017df451d4f2c2a6fe41a7b61b8dc376cb1,default.png,03/16/1998,876-099-3544,"Erlang is known for its designs that are well suited for systems. The Galactic Empire is nearing completion of the Death Star, a space station with the power to destroy entire planets. Haskell is a standardized, general-purpose purely functional programming language, with non-strict semantics and strong static typing. Where are my pants? Messages can be sent to and received from ports, but these messages must obey the so-called ""port protocol."" I don't even care.",Information Science,Information Technology,University of Technology
Violette,Dickerson,Violette.Dickerson@yahoo.com,Gambet.Entails,pbkdf2:sha512:150000$NJfSRt2lhJ$9456f3f7121c151ff6649d8eb785b98fed6dbb346f881ab277eacabaeef1e827cfaeebe42e256a4a9adc40da337676e55efb9bfd5999430407d8c07148b4a9c4,default.png,05/23/2004,876-000-2121,"In 1989 the building was heavily damaged by fire, but it has since been restored. She spent her earliest years reading classic literature, and writing poetry. He looked inquisitively at his keyboard and wrote another sentence. Ports are used to communicate with the external world. Erlang is known for its designs that are well suited for systems. Do you have any idea why this is not working?",Cybersecurity,Computer Science,Northern Caribbean University
Margherita,Wilkerson,Margherita.Wilkerson@outlook.com,Brusque.Aryballi,pbkdf2:sha512:150000$5HTYey7srj$07e31d9132582b7f7ebe57c9b42478bc5081caebe8ce5355d5280cbc09cdc61059bf3123cde94c57989df8c450a56c02e6e283571e8c405750be93a1e257c5c7,default.png,03/15/2001,876-965-0357,"The arguments can be primitive data types or compound data types. I don't even care. The Galactic Empire is nearing completion of the Death Star, a space station with the power to destroy entire planets. Erlang is known for its designs that are well suited for systems. Ports are used to communicate with the external world. In 1989 the building was heavily damaged by fire, but it has since been restored.",Information Science,Computer Engineering,St.Joseph Teachers College
Aldo,Joyner,Aldo.Joyner@outlook.com,Downturn.Palesman,pbkdf2:sha512:150000$HWFZIj1b4m$5e55cd53dc0269a47252bff3a834397d4670612ed72caef6fd366f24cdfc51f61af45da3285f9be528c489a44596361cc82410914ddeabb389507d4b3727a416,default.png,06/04/2002,876-491-7107,"Haskell is a standardized, general-purpose purely functional programming language, with non-strict semantics and strong static typing. Haskell features a type system with type inference and lazy evaluation. He looked inquisitively at his keyboard and wrote another sentence. They are written as strings of consecutive alphanumeric characters, the first character being lowercase. Do you come here often? He looked inquisitively at his keyboard and wrote another sentence.",Computer Engineering,Information Systems,University of the Commonwealth Caribbean
Leida,Sweet,Leida.Sweet@gmail.com,Croups.Ashore,pbkdf2:sha512:150000$gGuGH6Rxr1$b0574068cea7828b87ce92d1adfefed809c3494ea2df50c09d216e4ed9a9be3dec9dc40370a2d3ff35524a1c5184b6d1eaa2c4fddf73fe5aab243b544ea9db4f,default.png,01/31/2001,876-305-1861,"Erlang is a general-purpose, concurrent, functional programming language. Haskell is a standardized, general-purpose purely functional programming language, with non-strict semantics and strong static typing. Type classes first appeared in the Haskell programming language. Any element of a tuple can be accessed in constant time. He looked inquisitively at his keyboard and wrote another sentence. Do you have any idea why this is not working?",Information Technology,Computer Engineering,Shortwood Teachers College
Camelia,Sparks,Camelia.Sparks@gmail.com,Subantarctic.Buyable,pbkdf2:sha512:150000$HUZCz6a5Eo$ebda3107a930eb8fbd805db0543d148254e1dea00db597d003f52b7da6adb3b3a8be4c7444f26eff8bfe6f8c6953ee59318bf8c8f9829f966819192033685f0b,default.png,12/21/1999,876-382-3760,"It is also a garbage-collected runtime system. The Galactic Empire is nearing completion of the Death Star, a space station with the power to destroy entire planets. Type classes first appeared in the Haskell programming language. Atoms are used within a program to denote distinguished values. Its main implementation is the Glasgow Haskell Compiler. I don't even care.",Information Science,Information Science,Shortwood Teachers College
Kym,Valencia,Kym.Valencia@gmail.com,Presecuring.Banish,pbkdf2:sha512:150000$NZJAF947BA$213a4f970e3bb2b9fdf972b066df220184354a81ffb3c25a4905759e75e4fa0df47a4f4b2a60ca68f8c0f3f1fdbafa3af51d2d074463899b9d1c80d918b581c5,default.png,06/01/1998,876-757-8181,"Erlang is known for its designs that are well suited for systems. Do you have any idea why this is not working? Messages can be sent to and received from ports, but these messages must obey the so-called ""port protocol."" The arguments can be primitive data types or compound data types. The sequential subset of Erlang supports eager evaluation, single assignment, and dynamic typing. Ports are created with the built-in function open_port.",Information Technology,Information Science,Mico University College
Elly,Nash,Elly.Nash@gmail.com,Synaxes.Tyrantship,pbkdf2:sha512:150000$QF6pFpJ2XM$55f66d57fc8be6c06e3320580370604851f8bfb58e34a2ebf92a401d7f4388b16a41cca744bb934f92b18f69b423a53be6343409c63ba94d11f5ca68df91b6fe,default.png,06/08/1998,876-389-8178,"Atoms can contain any character if they are enclosed within single quotes and an escape convention exists which allows any character to be used within an atom. Initially composing light-hearted and irreverent works, he also wrote serious, sombre and religious pieces beginning in the 1930s. She spent her earliest years reading classic literature, and writing poetry. Atoms can contain any character if they are enclosed within single quotes and an escape convention exists which allows any character to be used within an atom. They are written as strings of consecutive alphanumeric characters, the first character being lowercase. Where are my pants?",Computer Science,Information Technology,Shortwood Teachers College
Neta,O'connor,Neta.O'connor@yahoo.com,Parietals.Fish,pbkdf2:sha512:150000$ksNKmxAZO7$6549b4882ed9681ee1519bed8999165eb832df810effd80af297c3740d6651e1fce6bda9bb29b99556a5239ad3247b5936be668efeea1690b4f00baf0a21c975,default.png,10/13/1996,876-238-5417,"She spent her earliest years reading classic literature, and writing poetry. The Galactic Empire is nearing completion of the Death Star, a space station with the power to destroy entire planets. The sequential subset of Erlang supports eager evaluation, single assignment, and dynamic typing. The syntax {D1,D2,...,Dn} denotes a tuple whose arguments are D1, D2, ... Dn. It is also a garbage-collected runtime system. Its main implementation is the Glasgow Haskell Compiler.",Information Technology,Computer Science,University of Technology
Domitila,Cortez,Domitila.Cortez@outlook.com,Arbores.Acana,pbkdf2:sha512:150000$MbooKs8uEB$bba693eb28199ace6a1338fe02cd7ce4f540667bc87e03b579a409af0393fdeef2f47981e59e80247f22261cbd46e4bdc8da243b4f3152a35bbff39c77a6f91e,default.png,03/19/1998,876-812-7252,"Where are my pants? They are written as strings of consecutive alphanumeric characters, the first character being lowercase. Do you have any idea why this is not working? The syntax {D1,D2,...,Dn} denotes a tuple whose arguments are D1, D2, ... Dn. Messages can be sent to and received from ports, but these messages must obey the so-called ""port protocol."" Erlang is known for its designs that are well suited for systems.",Computer Science,Cybersecurity,Mico University College
Hoyt,Simon,Hoyt.Simon@gmail.com,Bragget.Hillock,pbkdf2:sha512:150000$uC8B8Lyoq6$2142486f62c34e0f11b437b7a9bab255d355427896a5b21de366b14b8978835da5893298d93a7cf871e359382151169c08ee17b39768614ec38a6d36142bc69e,default.png,04/06/1997,876-365-9778,"The arguments can be primitive data types or compound data types. Erlang is known for its designs that are well suited for systems. Atoms can contain any character if they are enclosed within single quotes and an escape convention exists which allows any character to be used within an atom. Tuples are containers for a fixed number of Erlang data types. Haskell is a standardized, general-purpose purely functional programming language, with non-strict semantics and strong static typing. She spent her earliest years reading classic literature, and writing poetry.",Information Systems,Information Technology,St.Joseph Teachers College
Tijuana,Harrington,Tijuana.Harrington@yahoo.com,Youse.Encomic,pbkdf2:sha512:150000$y2LFhYWi46$635bdc73e41d50c7f71abe8192f894d2af2dd215244913a29eb62e843c17592c1d29fd62e35824e152c0a0c4e8479ba3406cf1812b78326e92425de8f93aaf71,default.png,07/19/2003,876-835-2851,"He looked inquisitively at his keyboard and wrote another sentence. In 1989 the building was heavily damaged by fire, but it has since been restored. Make me a sandwich. They are written as strings of consecutive alphanumeric characters, the first character being lowercase. I don't even care. He looked inquisitively at his keyboard and wrote another sentence.",Computer Science,Cybersecurity,University of Technology
Georgetta,Riley,Georgetta.Riley@outlook.com,Aback.Thoracic,pbkdf2:sha512:150000$moIur7LOQ3$2f74969c430995d58d172c31de8e1fd00c0e8c0185e49d1a480c879efc18c4791f1682ee805ff5ea58d38551833e42b2867d2220feb9d0114091a970e2dd7dd1,default.png,10/13/1999,876-398-8960,"Do you come here often? Messages can be sent to and received from ports, but these messages must obey the so-called ""port protocol."" It is also a garbage-collected runtime system. Make me a sandwich. Erlang is a general-purpose, concurrent, functional programming language. The arguments can be primitive data types or compound data types.",Systems & Network Administration,Information Systems,University of the Commonwealth Caribbean
Cassey,Chaney,Cassey.Chaney@yahoo.com,Unilamellar.Nonderogation,pbkdf2:sha512:150000$HmLOkBUZxQ$1298516482b2181f171e0b3c4a55eb135e7333cdc3ba7e07caa474dab8fa9d5763971babd6aabed7b07a4443cddcc34bd91eb0d9bb11a72009ff1acf1b553927,default.png,04/16/2002,876-757-4240,"Erlang is a general-purpose, concurrent, functional programming language. Tuples are containers for a fixed number of Erlang data types. Its main implementation is the Glasgow Haskell Compiler. The sequential subset of Erlang supports eager evaluation, single assignment, and dynamic typing. Ports are created with the built-in function open_port. He looked inquisitively at his keyboard and wrote another sentence.",Information Science,Computer Science,University of Technology
Wilbur,Stephens,Wilbur.Stephens@outlook.com,Zoobenthoic.Outscouring,pbkdf2:sha512:150000$Ym0TgZzQPa$685a21b6d3d8e961b35e7d63cfb7969ba95a1a5a525cf932b54354fa3d579bb755c4784ee23d32f1a56a81dd95bc1f14ea0c4c4aeb76a5d57adb37f0f8491509,default.png,02/07/1996,876-871-9073,"Where are my pants? She spent her earliest years reading classic literature, and writing poetry. Erlang is known for its designs that are well suited for systems. Do you have any idea why this is not working? Ports are used to communicate with the external world. The Galactic Empire is nearing completion of the Death Star, a space station with the power to destroy entire planets.",Cybersecurity,Information Science,University of the Commonwealth Caribbean
Willy,Deleon,Willy.Deleon@outlook.com,Martensitic.Ajar,pbkdf2:sha512:150000$s45RvIg4vM$f5c692528054f0d811742482bd9430f16352fff2ba2538b383fa5f9236d8b33d8db5feb3e81f03039d5c2b1c4567e02b534e2df415969c44e7c47709153f324f,default.png,10/03/2004,876-967-7042,"Make me a sandwich. Type classes first appeared in the Haskell programming language. Make me a sandwich. Erlang is known for its designs that are well suited for systems. The syntax {D1,D2,...,Dn} denotes a tuple whose arguments are D1, D2, ... Dn. The sequential subset of Erlang supports eager evaluation, single assignment, and dynamic typing.",Computer Engineering,Information Technology,University of the West Indies
Twanna,Silva,Twanna.Silva@outlook.com,Croppy.Berthe,pbkdf2:sha512:150000$CZrGMolffp$a20e524eeacb4fd1cb18e76a11751e96d56ce8b6a1a52e27775d0ff60cf183524e5ac405f3ca091d428c0b45608c6d96ae6427fe58ec4d23066ede34a9cc51ca,default.png,02/25/1995,876-334-2801,"Any element of a tuple can be accessed in constant time. Make me a sandwich. Messages can be sent to and received from ports, but these messages must obey the so-called ""port protocol."" Its main implementation is the Glasgow Haskell Compiler. Erlang is known for its designs that are well suited for systems. They are written as strings of consecutive alphanumeric characters, the first character being lowercase.",Information Science,Cybersecurity,University of the West Indies
Leon,Arnold,Leon.Arnold@yahoo.com,Anterograde.Vibrio,pbkdf2:sha512:150000$0rCzavY3bs$8b4a6e8a96a8f58ac045323c2aacdd219a10cda5f7664b658022357f4b1ba5aef4bd25d3e8759759346f4f2cfc3bf5dc7f6b4c3f04f00e865f686b633aa56a30,default.png,05/07/2004,876-854-7318,"Haskell is a standardized, general-purpose purely functional programming language, with non-strict semantics and strong static typing. Haskell features a type system with type inference and lazy evaluation. He looked inquisitively at his keyboard and wrote another sentence. In 1989 the building was heavily damaged by fire, but it has since been restored. In 1989 the building was heavily damaged by fire, but it has since been restored. Haskell features a type system with type inference and lazy evaluation.",Computer Engineering,Cybersecurity,St.Joseph Teachers College
Madison,Clarke,Madison.Clarke@gmail.com,Sittidae.Upbrighten,pbkdf2:sha512:150000$IlQEStQDoZ$c965f22cb424b75d5afa906547c137fb4147278d44654c82f44fd112e4ff504d0a138da093166317a3f4a0b7c40208ab31b0484d26441ab4f976df49379b99cf,default.png,07/24/2002,876-852-7816,"Ports are used to communicate with the external world. The sequential subset of Erlang supports eager evaluation, single assignment, and dynamic typing. Do you have any idea why this is not working? Haskell features a type system with type inference and lazy evaluation. He looked inquisitively at his keyboard and wrote another sentence. Do you have any idea why this is not working?",Cybersecurity,Computer Science,University of the West Indies
Nikia,Vang,Nikia.Vang@yahoo.com,Ascension.Goalkeeping,pbkdf2:sha512:150000$PMrfKjDwGS$b3fe04dbc86102a2005752f2c18ea4366bbcc66f8d7f175eebe6a50474fb72a70904acedf2c9c0f20583c77156a19201fe101b6a675edc3c8ae79af5b49a2c02,default.png,01/04/1997,876-796-7353,"The sequential subset of Erlang supports eager evaluation, single assignment, and dynamic typing. In 1989 the building was heavily damaged by fire, but it has since been restored. Haskell is a standardized, general-purpose purely functional programming language, with non-strict semantics and strong static typing. Initially composing light-hearted and irreverent works, he also wrote serious, sombre and religious pieces beginning in the 1930s. Its main implementation is the Glasgow Haskell Compiler. The arguments can be primitive data types or compound data types.",Cybersecurity,Information Systems,University of the West Indies
Tory,Hopkins,Tory.Hopkins@yahoo.com,Billowy.Dogged,pbkdf2:sha512:150000$LnIq8ZYegV$7abc7911a1cf713ae0b4d59e990d825a2273c4631a1232d7587f5c7fd4dd7b5368ab230fed70f98c1240e647dc68faeb3f7cce5b9af548daec5097a0ff9aebdc,default.png,05/02/1999,876-203-4168,"I don't even care. The Galactic Empire is nearing completion of the Death Star, a space station with the power to destroy entire planets. Type classes first appeared in the Haskell programming language. Any element of a tuple can be accessed in constant time. I don't even care. Type classes first appeared in the Haskell programming language.",Computer Engineering,Information Systems,St.Joseph Teachers College
Sona,Stewart,Sona.Stewart@yahoo.com,Unjamming.Catgut,pbkdf2:sha512:150000$pjIadjJkt6$3eed6517ad16498c0f975c3b88a0cce16b17477372a5ec8c11c8e33ac6834c7ecef11722ff7939b179584f2cd55c60c78f2533112a1b69dc67c7b9830733f555,default.png,12/24/2000,876-036-5816,"Do you come here often? Tuples are containers for a fixed number of Erlang data types. Type classes first appeared in the Haskell programming language. The syntax {D1,D2,...,Dn} denotes a tuple whose arguments are D1, D2, ... Dn. Type classes first appeared in the Haskell programming language. Tuples are containers for a fixed number of Erlang data types.",Information Systems,Information Science,University of Technology
Giovanni,Spears,Giovanni.Spears@outlook.com,Aphotic.Oxides,pbkdf2:sha512:150000$fGE0XTbhrn$5cb09efbb1348208255e868895f96e6f527d8f60d8691e2bd948c2dbe3b78b30f6b331827d809aad9796206626348ed81093f427693793b6f3aad0225f66b142,default.png,04/30/1995,876-450-5134,"Do you have any idea why this is not working? It is also a garbage-collected runtime system. Do you have any idea why this is not working? The syntax {D1,D2,...,Dn} denotes a tuple whose arguments are D1, D2, ... Dn. Erlang is a general-purpose, concurrent, functional programming language. Do you come here often?",Information Systems,Systems & Network Administration,University of Technology
Shae,Yates,Shae.Yates@gmail.com,Ammar.Dulosis,pbkdf2:sha512:150000$JaLpkpNaY3$44e274ebd7127fd5a71bfdef453e866a489ea82b72502745c2f0dc1b9669a1a293b2695cf29e13778084c53822076c8621dd3636431eecbcfee571aa2945692a,default.png,07/31/2003,876-204-3246,"Tuples are containers for a fixed number of Erlang data types. Do you have any idea why this is not working? The arguments can be primitive data types or compound data types. He looked inquisitively at his keyboard and wrote another sentence. Haskell is a standardized, general-purpose purely functional programming language, with non-strict semantics and strong static typing. Type classes first appeared in the Haskell programming language.",Information Systems,Information Science,Northern Caribbean University
Libbie,Buck,Libbie.Buck@yahoo.com,Telautography.Capelet,pbkdf2:sha512:150000$ufVgnJFtZ7$c3658c7c277081a28b9d5ded55a3d161a04472cb7e652b917aec39296ceddaf4853dd3dfbfc3b393463bec5a373f4c740c50e163c1b96ee3ea297f2883157a4b,default.png,07/14/2001,876-441-5369,"She spent her earliest years reading classic literature, and writing poetry. Haskell is a standardized, general-purpose purely functional programming language, with non-strict semantics and strong static typing. I don't even care. Initially composing light-hearted and irreverent works, he also wrote serious, sombre and religious pieces beginning in the 1930s. Messages can be sent to and received from ports, but these messages must obey the so-called ""port protocol."" The syntax {D1,D2,...,Dn} denotes a tuple whose arguments are D1, D2, ... Dn.",Computer Engineering,Computer Science,Mico University College
Irwin,Jensen,Irwin.Jensen@yahoo.com,Circulate.Amygdalotome,pbkdf2:sha512:150000$ET3bahjSJj$3aa4bfbc01d8d03960f5dd29fd5095c68489c7dca7571381e9b51d85e0dd06a0c7fe9c17a7ea625fe1b83b21c2c0f67e7333dcbb266b7bff747402792e185a78,default.png,04/22/1995,876-811-3347,Haskell features a type system with type inference and lazy evaluation. Its main implementation is the Glasgow Haskell Compiler. Do you come here often? Atoms are used within a program to denote distinguished values. Any element of a tuple can be accessed in constant time. Haskell features a type system with type inference and lazy evaluation.,Cybersecurity,Information Systems,St.Joseph Teachers College
Terrance,Johnston,Terrance.Johnston@yahoo.com,Videotape.Siennas,pbkdf2:sha512:150000$WD4RAVZtQL$fd1b72b0751853756a0e34d5b0c1e8d23f236c40d8da6d89e699751062d8b776b709db891054874e5994b3fe6c112de75063f73255c3df5d6d989f9f6b3f216a,default.png,08/24/1999,876-637-5422,"In 1989 the building was heavily damaged by fire, but it has since been restored. Any element of a tuple can be accessed in constant time. Atoms can contain any character if they are enclosed within single quotes and an escape convention exists which allows any character to be used within an atom. They are written as strings of consecutive alphanumeric characters, the first character being lowercase. The Galactic Empire is nearing completion of the Death Star, a space station with the power to destroy entire planets. Do you have any idea why this is not working?",Information Science,Information Science,University of the Commonwealth Caribbean
Cira,Reyes,Cira.Reyes@yahoo.com,Sculpt.Clairce,pbkdf2:sha512:150000$7bAzZ49pU3$1795ba332cf3e9575a831f5384eb78d367662bb653c0e12efd44edb9e6d5f22600d2b4416a4cc240df23f07d4173857af336267727afbd041a88dd12cdbcbda9,default.png,02/05/2001,876-003-2247,"The sequential subset of Erlang supports eager evaluation, single assignment, and dynamic typing. Initially composing light-hearted and irreverent works, he also wrote serious, sombre and religious pieces beginning in the 1930s. She spent her earliest years reading classic literature, and writing poetry. Ports are created with the built-in function open_port. Atoms can contain any character if they are enclosed within single quotes and an escape convention exists which allows any character to be used within an atom. Ports are created with the built-in function open_port.",Cybersecurity,Information Systems,Northern Caribbean University
Major,Simon,Major.Simon@gmail.com,Desirae.Scirocco,pbkdf2:sha512:150000$tU6eScMsId$4d17a7146a3a6ac3dfb55e3f6bddd351ee7449e400080e82e288f3100610707b434fb867cfd3940e132f17084260e0ef682103e537cdad9bfe6d12d7e5f10ca6,default.png,12/07/2001,876-793-7959,"She spent her earliest years reading classic literature, and writing poetry. Tuples are containers for a fixed number of Erlang data types. Messages can be sent to and received from ports, but these messages must obey the so-called ""port protocol."" Do you have any idea why this is not working? Do you come here often? Do you come here often?",Computer Science,Cybersecurity,University of Technology
