Street,Towns,parish
00044 Mary Overpass,Spanish Town,St.Andrew
949 Hodge Land Apt. 034,Port Maria,Westmoreland
772 Hudson Trail Suite 082,Falmouth,Hanover
32156 Gonzalez Expressway Apt. 195,Savanna-La-Mar,St.Andrew
1090 Mary Freeway,Black River,St. James
756 Davis Stravenue Apt. 093,Port Antonio ,Trelawny
498 Chloe Passage,Black River,Trelawny
45555 Amy Isle Suite 999,Half-way-tree,Westmoreland
78961 Susan Court Apt. 736,St. Ann’s Bay,Hanover
750 Anthony Track Apt. 799,Lucea,Westmoreland
502 Joseph Freeway Suite 337,Morant Bay ,Manchester
688 Makayla Alley,Morant Bay ,Westmoreland
258 Gibson Passage,Black River,St. Catherine
0568 Williams Avenue Suite 028,Half-way-tree,Portland
14069 Peter Heights,Half-way-tree,St. Thomas
05131 Robert Skyway Suite 200,St. Ann’s Bay,St. Ann
3379 Ross Meadow,Half-way-tree,St. Ann
345 Smith Mission,Falmouth,Hanover
119 Melissa Lodge Apt. 240,Black River,Hanover
406 Chapman Crossing Apt. 252,Spanish Town,Westmoreland
3916 Noah Roads,Port Maria,St. Thomas
9214 Mallory Mall,Mandeville,St. Elizabeth
60522 Obrien Highway Apt. 925,Savanna-La-Mar,St. Ann
5487 Stacey Village,Lucea,St. Thomas
29496 Elaine Corner,Lucea,St.Andrew
3594 Contreras Manors Suite 812,Mandeville,Kingston
435 Leah Spurs Suite 162,St. Ann’s Bay,Portland
02428 Erica Manors,May Pen,St. Catherine
6010 Justin Mills Apt. 674,Half-way-tree,St. Elizabeth
35191 Tiffany Keys Apt. 153,May Pen,St Mary
848 James Plains Suite 152,Half-way-tree,St Mary
0978 Kimberly Prairie,May Pen,St. Catherine
907 White Knolls Suite 787,St. Ann’s Bay,Trelawny
4438 Cory Underpass,Mandeville,St. James
6562 Andrea Prairie,St. Ann’s Bay,Hanover
5678 Osborne Parkway Apt. 598,Half-way-tree,St. Ann
9649 Johnson Mission Apt. 104,Port Antonio ,Clarendon
28318 Rodriguez Lane,Morant Bay ,Trelawny
50890 Michael Pine,Lucea,Trelawny
9618 Burgess Street,Mandeville,St. James
7916 Reynolds Mountain Apt. 837,Half-way-tree,St. Ann
503 Mendez Fords Apt. 839,May Pen,St.Andrew
41880 Lawrence Key Suite 600,Lucea,Clarendon
385 Yates Coves Apt. 552,Kingston,St. James
2034 Lopez Squares,Savanna-La-Mar,Trelawny
01759 Mata Ranch,Montego Bay,St. James
5984 Martin Stream Apt. 187,Black River,Kingston
4480 Christopher Burgs Apt. 720,Montego Bay,St. Catherine
88053 Williamson Club Apt. 160,Black River,Trelawny
1877 Amy Circles,Morant Bay ,Manchester
004 Troy Flat Suite 434,Spanish Town,St. Ann
5059 Mary Brook Suite 939,Kingston,St Mary
5883 Mayo Valley Suite 621,Lucea,St. James
9204 Williams Causeway,Port Antonio ,St. James
75307 Garcia Field Suite 894,Savanna-La-Mar,St. Elizabeth
22735 Sarah Haven,Black River,St. Catherine
6467 Murray Court Suite 641,Falmouth,Hanover
649 Alexander Plaza Suite 544,Kingston,St Mary
664 Allison Corners,Mandeville,St. Catherine
08836 Wayne Stream Suite 562,St. Ann’s Bay,St. Ann
331 Colin Walk Suite 631,Lucea,St Mary
97793 Moss Wall Suite 230,Spanish Town,Trelawny
07614 Joseph Via,Falmouth,St. Elizabeth
19831 Timothy Island,Half-way-tree,St Mary
93916 Johnson Highway Suite 247,Falmouth,St Mary
06832 John Islands Suite 105,Savanna-La-Mar,St. Catherine
17040 Gonzales Squares,St. Ann’s Bay,Trelawny
426 Ball Branch Suite 444,Kingston,Manchester
910 Hannah Mountain,Port Antonio ,Portland
93045 Bethany Drives Suite 620,St. Ann’s Bay,Clarendon
29946 Castillo Light Suite 294,St. Ann’s Bay,Trelawny
310 Newman Corner,Kingston,St.Andrew
9006 James Camp,Montego Bay,St. Catherine
52949 Ortiz Brook Suite 558,Lucea,Manchester
27186 Diaz Mews,St. Ann’s Bay,St Mary
69409 Jo Glens Suite 886,Black River,St. James
69636 Amy Corners Suite 123,St. Ann’s Bay,St. Ann
7344 Tate Fork Apt. 625,Port Antonio ,St. Catherine
06880 Jocelyn Point Suite 112,Half-way-tree,Kingston
92279 Scott Flats,Falmouth,Hanover
319 Esparza Canyon Apt. 401,Port Maria,St. James
832 Renee Estate,Half-way-tree,Hanover
5055 Allen Burg Apt. 487,Kingston,St. Catherine
39847 Salas Roads,St. Ann’s Bay,Hanover
6188 Michele Plains,Savanna-La-Mar,Westmoreland
83800 Zachary Junction Suite 919,Savanna-La-Mar,St. Thomas
470 Kevin Terrace,Falmouth,St Mary
420 Moore Parkway Suite 490,Half-way-tree,Clarendon
65334 Rodriguez Ramp,Savanna-La-Mar,St. Ann
645 Stephens Isle Apt. 814,Spanish Town,Westmoreland
82992 Mccarty Drives,May Pen,St. Catherine
98958 Adkins Pike Apt. 519,Spanish Town,St. Catherine
2145 Price Valley,Falmouth,St.Andrew
310 Richard Rest,May Pen,St Mary
0610 Brian Vista Apt. 073,Kingston,St Mary
09088 Johnson Vista,Port Maria,St. Ann
135 Cruz Manors Apt. 004,Falmouth,St. Elizabeth
879 Robinson Stream,Falmouth,St.Andrew
424 Miller Village Apt. 989,Port Maria,St. Ann
